36.65,15080
37.29,18221.0
33.75,3129.0
32.66,4486.0
33.37,4564.0
33.56,1783.0
36.97,14506.0
37.52,20472.0
36.8,15001.0
33.03,2278.0
35.02,5934.0
27.82,322.0
33.12,2731.0
37.49,22682.0
33.74,5308.0
35.1,4025.0
34.17,5855.0
33.38,5218.0
35.62,8462.0
34.44,5429.0
33.78,4593.0
34.28,4932.0
33.73,4632.0
34.17,4686.0
32.91,3024.0
33.9,4398.0
31.7,1638.0
33.48,5857.0
35.7,8846.0
33.86,4958.0
33.21,3860.0
32.54,1681.0
33.53,1468.0
32.44,1918.0
33.51,4025.0
33.09,2416.0
33.35,2951.0
31.53,1274.0
32.58,1861.0
31.94,1294.0
35.34,7662.0
28.32,178.0
32.36,1317.0
29.75,963.0
28.68,180.0
33.02,2646.0
32.14,1791.0
31.59,1712.0
31.38,2779.0
34.25,4568.0
31.14,1808.0
35.21,8200.0
32.32,1686.0
34.63,7314.0
33.5,6332.0
28.29,297.0
32.96,2371.0
31.8,2246.0
35.39,7284.0
36.46,15941.0
35.22,6554.0
31.93,2327.0
27.58,262.0
32.13,2182.0
33.65,2620.0
32.44,2745.0
34.21,2256.0
32.42,1044.0
37.05,19504.0
36.89,16462.0
34.95,7664.0
32.58,4877.0
34.41,5160.0
35.32,6810.0
34.45,5570.0
33.8,4411.0
33.2,5992.0
33.7,5259.0
34.25,5375.0
34.2,4250.0
34.09,5526.0
34.34,5209.0
34.31,5954.0
36.31,13416.0
33.74,4669.0
33.94,5903.0
34.07,5208.0
30.74,1512.0
35.67,9884.0
32.9,2010.0
31.93,2833.0
34.39,5049.0
29.07,386.0
33.87,4190.0
33.32,4545.0
34.78,6009.0
33.82,4397.0
35.32,7973.0
34.68,6212.0
33.48,3385.0
33.54,3061.0
35.44,8071.0
33.65,4462.0
35.4,7459.0
35.63,9114.0
34.51,7407.0
34.67,5930.0
32.77,2017.0
31.87,2313.0
33.43,3070.0
36.97,17384.0
32.5,1978.0
33.1,2849.0
31.09,1357.0
32.69,1296.0
31.58,1461.0
33.05,1599.0
31.56,1233.0
34.42,5333.0
33.82,2502.0
35.98,10046.0
30.04,767.0
33.14,2343.0
30.95,808.0
35.27,7131.0
35.11,7167.0
31.62,848.0
33.23,898.0
32.91,2373.0
30.28,1022.0
32.84,2581.0
32.6,2226.0
31.71,1228.0
32.25,1528.0
32.72,2673.0
32.74,2689.0
37.43,19156.0
32.45,2642.0
36.11,10698.0
35.15,7985.0
33.47,3014.0
34.74,5638.0
32.82,2027.0
34.61,5367.0
34.12,4843.0
35.05,7222.0
35.2,6385.0
34.82,5862.0
34.77,5515.0
33.23,4586.0
34.29,4384.0
32.7,2650.0
30.86,495.0
32.82,2029.0
32.33,2590.0
35.28,8188.0
33.2,2790.0
35.84,8929.0
26.44,29.0
24.18,-151.0
36.18,11258.0
34.41,4717.0
33.76,5600.0
34.54,6106.0
31.46,1935.0
31.52,1628.0
31.43,622.0
31.82,1843.0
32.5,784.0
33.99,4417.0
29.86,611.0
32.8,2477.0
35.53,7143.0
30.93,1398.0
33.48,2759.0
27.92,207.0
30.88,758.0
30.94,1549.0
32.29,1893.0
32.8,1709.0
32.13,969.0
31.86,1030.0
31.22,1311.0
31.88,1436.0
31.2,2429.0
30.98,861.0
31.28,285.0
31.12,391.0
30.97,1315.0
31.09,189.0
30.98,1360.0
31.21,1216.0
31.53,1787.0
35.42,7246.0
35.38,6374.0
32.14,1965.0
33.33,2617.0
33.23,3568.0
33.99,4164.0
35.21,5679.0
31.7,2239.0
32.95,1193.0
33.02,3904.0
34.26,4900.0
31.52,1761.0
35.95,11328.0
34.46,6708.0
35.04,5805.0
33.39,3622.0
28.59,428.0
28.64,357.0
35.89,10346.0
36.22,15987.0
34.2,4593.0
33.55,6058.0
38.78,46670.0
29.64,345.0
28.13,-80.0
40.09,79038.0
39.48,66181.0
39.79,84492.0
40.32,91617.0
40.59,105029.0
42.51,185778.0
41.36,113765.0
39.22,57450.0
25.56,164.0
32.56,1867.0
35.09,7067.0
33.76,2418.0
31.96,1932.0
32.02,2034.0
31.54,2645.0
32.65,1660.0
33.1,2529.0
30.86,1630.0
31.65,1286.0
31.8,1127.0
30.2,865.0
31.84,1717.0
29.83,758.0
28.44,1757.0
31.4,1840.0
32.42,2304.0
31.59,1671.0
32.71,2109.0
31.1,1451.0
24.57,-96.0
29.42,446.0
31.06,768.0
30.78,982.0
31.54,848.0
30.64,907.0
30.84,952.0
31.3,1016.0
31.34,853.0
31.34,928.0
31.51,933.0
31.48,975.0
31.05,1039.0
31.37,877.0
31.26,958.0
32.75,740.0
31.64,1152.0
31.41,849.0
30.34,814.0
30.15,812.0
31.31,920.0
31.11,845.0
31.11,966.0
31.34,1063.0
28.2,275.0
28.46,375.0
28.45,396.0
27.85,172.0
29.08,296.0
23.09,-58.0
36.48,12534.0
24.35,-194.0
23.98,-67.0
34.29,6223.0
33.35,5276.0
32.29,2449.0
34.44,5244.0
32.83,3371.0
32.53,2006.0
36.17,11715.0
32.53,2272.0
35.28,5703.0
31.38,1787.0
28.69,379.0
33.6,4637.0
34.37,5429.0
34.13,4225.0
34.02,5405.0
34.6,5720.0
33.45,4560.0
34.61,4468.0
33.28,5717.0
34.35,5175.0
35.19,4930.0
33.61,3942.0
34.97,5229.0
34.03,6133.0
34.63,4704.0
34.74,6134.0
34.21,5307.0
34.17,3370.0
33.93,5429.0
33.96,4804.0
34.61,3943.0
33.91,6133.0
33.4,4475.0
34.04,5270.0
34.51,3908.0
34.17,4940.0
29.7,749.0
27.62,309.0
29.21,488.0
29.65,780.0
29.22,470.0
28.49,341.0
28.24,453.0
27.92,44.0
29.43,207.0
29.13,392.0
29.91,582.0
29.01,309.0
30.11,408.0
28.33,316.0
28.75,509.0
24.45,-120.0
24.59,-13.0
24.32,-204.0
24.34,-171.0
24.02,-43.0
24.47,-164.0
30.24,2155.0
34.48,5360.0
32.17,1362.0
31.23,1368.0
32.62,2374.0
32.03,1623.0
29.95,594.0
30.7,1449.0
34.36,5193.0
34.07,4193.0
30.48,844.0
33.41,2500.0
34.65,5916.0
31.05,1670.0
30.8,1493.0
31.26,1717.0
32.59,2200.0
33.88,7104.0
35.03,7072.0
29.48,882.0
31.73,1043.0
33.02,2001.0
30.3,434.0
32.75,1338.0
32.7,1967.0
32.36,1368.0
31.51,1864.0
32.7,2770.0
31.93,1246.0
34.4,6858.0
34.73,3931.0
30.66,1121.0
32.75,1913.0
34.53,5416.0
34.95,6634.0
31.34,1024.0
29.05,405.0
33.55,4729.0
31.34,1291.0
33.28,2606.0
33.23,2906.0
29.47,478.0
31.99,2851.0
29.69,486.0
28.74,323.0
28.52,280.0
34.05,4500.0
33.49,5288.0
33.91,4662.0
28.4,302.0
35.45,8100.0
35.65,6808.0
29.91,226.0
36.77,13625.0
32.33,1101.0
32.75,2014.0
34.54,5723.0
30.05,541.0
32.03,1143.0
34.53,6422.0
31.29,1025.0
31.27,1469.0
31.99,1997.0
31.88,202.0
29.83,2027.0
31.38,643.0
31.28,537.0
31.48,172.0
33.81,2510.0
30.7,76.0
33.27,2524.0
32.58,875.0
29.84,1252.0
31.01,1528.0
32.11,1184.0
31.49,684.0
32.28,1045.0
32.98,806.0
31.73,1061.0
32.64,2393.0
31.23,1666.0
31.0,-160.0
30.31,743.0
31.64,931.0
32.14,1205.0
32.76,1373.0
32.49,857.0
30.24,1623.0
32.46,682.0
32.57,1676.0
32.82,2353.0
33.3,1198.0
30.24,2236.0
30.81,2258.0
30.73,2292.0
30.93,511.0
30.51,1244.0
33.13,711.0
30.97,438.0
31.05,1076.0
31.88,1373.0
31.5,1466.0
28.75,450.0
30.99,662.0
32.73,2345.0
30.84,1570.0
29.92,1085.0
31.7,953.0
31.21,696.0
35.84,6632.0
32.64,2418.0
33.15,2287.0
30.52,784.0
27.1,258.0
35.35,7562.0
35.3,7064.0
36.59,12492.0
34.78,7475.0
34.86,6806.0
32.43,2407.0
34.83,7910.0
33.58,3235.0
35.79,8220.0
34.13,7349.0
31.42,3055.0
35.85,8488.0
31.56,1815.0
32.23,2263.0
34.55,4654.0
34.36,4790.0
33.47,5800.0
34.7,6950.0
32.88,5085.0
34.1,4814.0
33.94,4882.0
36.42,11761.0
32.15,2309.0
33.6,4786.0
33.76,5591.0
32.74,2860.0
31.96,1774.0
33.79,5641.0
30.69,899.0
34.87,5798.0
32.53,2003.0
31.96,1113.0
36.02,8329.0
32.16,2054.0
34.19,4570.0
33.46,2139.0
32.9,1955.0
33.22,2028.0
33.13,1999.0
32.53,1591.0
35.11,9907.0
34.98,5916.0
33.06,1915.0
31.85,1144.0
33.52,2867.0
34.72,6070.0
31.99,1627.0
34.22,6273.0
35.36,6108.0
34.91,6771.0
31.84,1924.0
31.68,2484.0
32.73,1190.0
32.17,1674.0
31.05,843.0
33.27,2508.0
32.31,796.0
33.06,2173.0
31.07,851.0
33.02,6623.0
34.23,6902.0
31.42,1084.0
35.56,7886.0
33.72,2897.0
37.21,12184.0
32.26,1803.0
34.62,8598.0
33.07,2010.0
32.34,1949.0
32.66,2096.0
36.09,10607.0
35.13,7286.0
35.32,7587.0
35.46,9479.0
33.7,6517.0
33.69,2331.0
32.86,2390.0
35.55,9782.0
33.48,3732.0
33.33,4340.0
33.8,3947.0
32.47,3911.0
32.24,3662.0
33.04,3671.0
24.92,-19.0
35.57,9367.0
32.88,3981.0
34.21,5148.0
36.08,9275.0
32.13,1633.0
35.99,8986.0
35.58,11693.0
33.08,2472.0
34.66,5574.0
32.4,2524.0
34.61,5451.0
36.99,16249.0
34.8,6758.0
35.44,5785.0
33.02,3652.0
34.07,4749.0
32.16,1809.0
34.36,5133.0
34.45,4949.0
33.88,5304.0
34.44,5092.0
34.3,5294.0
30.85,1224.0
32.95,2824.0
29.34,834.0
29.24,543.0
34.04,4490.0
33.94,5315.0
33.52,4538.0
34.32,5288.0
34.5,5864.0
34.72,3446.0
32.45,3100.0
33.99,4958.0
33.3,4211.0
34.9,6417.0
33.97,2856.0
34.12,5166.0
34.12,2426.0
31.67,2453.0
29.91,228.0
34.59,7542.0
34.4,5015.0
31.92,1164.0
34.61,6194.0
33.2,2843.0
31.29,862.0
29.22,1558.0
32.4,1563.0
31.77,1053.0
32.89,1501.0
32.75,1475.0
31.57,1092.0
33.03,1617.0
32.98,2764.0
34.95,5020.0
31.49,1764.0
34.13,2658.0
30.81,764.0
32.65,2112.0
33.77,1812.0
32.91,2146.0
32.69,2063.0
33.07,2261.0
31.78,2050.0
30.52,-172.0
32.19,313.0
32.53,2397.0
31.94,655.0
30.55,2355.0
30.95,278.0
30.78,1079.0
31.91,2406.0
32.86,1162.0
31.17,1341.0
31.47,-195.0
31.49,1115.0
31.96,879.0
30.44,1375.0
31.93,1467.0
31.52,888.0
31.2,2460.0
32.09,1037.0
30.54,-486.0
31.31,1019.0
31.2,-274.0
34.31,1774.0
30.47,181.0
30.33,366.0
30.79,1212.0
30.41,1043.0
31.41,1677.0
31.83,2053.0
29.03,217.0
30.87,1898.0
30.81,1724.0
30.99,380.0
31.43,292.0
32.24,1016.0
32.39,2208.0
30.58,709.0
31.5,2208.0
35.05,5908.0
32.02,940.0
32.43,1738.0
30.65,1212.0
30.83,586.0
31.16,650.0
34.73,4384.0
32.18,966.0
32.36,1953.0
34.99,7292.0
35.43,7121.0
33.22,2619.0
29.03,1180.0
35.27,6504.0
35.47,6659.0
34.48,6385.0
35.63,6419.0
31.01,1425.0
31.45,1345.0
31.2,1768.0
31.58,1358.0
32.86,2256.0
33.44,2265.0
34.73,6825.0
35.26,7750.0
35.82,9432.0
31.79,2438.0
35.52,7053.0
34.22,5386.0
33.96,5406.0
34.46,4759.0
34.77,6822.0
34.8,5730.0
33.2,5127.0
32.59,782.0
33.05,2820.0
33.77,4798.0
32.7,2525.0
29.39,806.0
34.28,5582.0
32.76,2901.0
33.89,4542.0
34.79,6298.0
34.19,5389.0
34.17,4883.0
34.14,6352.0
33.03,2628.0
33.98,4232.0
34.88,7790.0
35.19,7623.0
35.07,7715.0
35.21,7343.0
32.56,1626.0
32.35,1734.0
33.05,1095.0
33.13,2803.0
33.86,2656.0
32.07,1570.0
28.98,473.0
35.05,6253.0
30.04,573.0
32.75,2612.0
33.38,2988.0
35.03,6266.0
34.24,7641.0
34.03,2534.0
32.61,2018.0
35.28,7220.0
32.45,1510.0
35.32,6658.0
32.65,1488.0
31.03,995.0
30.55,-8.0
31.56,1711.0
31.78,772.0
35.09,8095.0
31.55,1193.0
35.45,7077.0
35.07,7965.0
35.05,6332.0
30.86,1243.0
32.37,2006.0
31.82,2709.0
30.47,891.0
32.33,1532.0
31.82,1606.0
32.71,1857.0
33.59,3692.0
32.27,2970.0
34.36,6744.0
32.65,2738.0
33.4,4545.0
33.44,5102.0
31.21,4730.0
32.73,2875.0
33.99,5271.0
35.85,9211.0
34.55,4823.0
32.42,1773.0
36.92,14443.0
32.21,1429.0
34.62,7116.0
27.55,292.0
33.47,3892.0
32.72,2485.0
29.78,727.0
33.69,5623.0
33.04,2099.0
31.68,1333.0
30.73,1218.0
29.85,481.0
31.39,1486.0
30.45,1484.0
31.97,92.0
30.7,864.0
32.34,2298.0
31.47,1046.0
28.09,376.0
30.26,46.0
31.11,1468.0
33.83,78.0
31.27,2014.0
31.55,80.0
30.23,1943.0
32.14,2508.0
31.94,2055.0
34.25,5242.0
33.88,4677.0
33.62,4986.0
35.45,8870.0
33.81,3990.0
32.71,1868.0
34.77,6174.0
32.5,1820.0
30.37,1417.0
35.08,6862.0
31.93,1380.0
33.45,2879.0
32.97,1794.0
34.04,5248.0
35.16,9576.0
31.25,2824.0
31.69,1396.0
32.75,2081.0
31.67,1222.0
33.07,3992.0
31.31,979.0
34.62,5929.0
31.84,923.0
31.32,458.0
30.82,1651.0
29.62,1037.0
30.75,1654.0
31.11,1005.0
31.52,860.0
31.77,1435.0
32.23,900.0
31.44,1166.0
31.77,921.0
36.42,11504.0
34.7,4893.0
32.62,5919.0
33.78,5452.0
30.19,1322.0
26.07,75.0
32.27,3097.0
32.79,2350.0
35.31,7318.0
32.78,3779.0
33.62,2666.0
24.39,-153.0
28.92,399.0
32.05,2316.0
32.23,2297.0
31.48,181.0
31.84,990.0
31.81,574.0
31.36,1544.0
31.49,1260.0
32.68,652.0
30.39,1687.0
32.2,1589.0
31.06,256.0
31.27,1054.0
34.53,2742.0
33.25,-221.0
32.22,1292.0
32.19,545.0
32.24,1751.0
30.52,461.0
33.19,1945.0
35.87,6696.0
33.54,2976.0
34.48,5012.0
32.45,2333.0
32.09,2568.0
31.86,1863.0
34.2,5262.0
32.46,3872.0
34.78,6826.0
33.61,3418.0
34.56,4845.0
33.25,2308.0
35.03,6250.0
32.2,2544.0
32.28,2060.0
30.47,958.0
28.44,344.0
35.08,5448.0
34.99,3696.0
33.21,2357.0
33.19,2360.0
30.71,1000.0
33.1,2910.0
32.12,1033.0
33.39,4372.0
29.96,534.0
34.96,6209.0
35.66,6278.0
34.62,6709.0
30.12,425.0
31.39,1158.0
32.43,2642.0
33.34,3867.0
31.33,1138.0
30.97,1215.0
32.23,2022.0
33.08,3087.0
35.02,7689.0
36.19,11677.0
34.38,3753.0
29.48,241.0
32.12,1281.0
34.56,4992.0
31.56,1228.0
35.52,8454.0
32.83,2232.0
31.26,1015.0
32.5,3629.0
32.14,1811.0
32.9,2966.0
30.64,912.0
31.41,827.0
31.06,1546.0
31.48,2157.0
31.37,1274.0
31.24,1789.0
30.96,1264.0
28.71,483.0
33.18,3110.0
30.16,1060.0
32.98,2290.0
30.73,995.0
32.12,3361.0
33.26,3148.0
31.26,2068.0
31.52,1860.0
30.55,1634.0
29.4,606.0
34.81,6683.0
34.88,6665.0
35.01,7518.0
34.67,6205.0
36.49,10948.0
20.56,65.0
28.53,369.0
27.68,172.0
28.79,374.0
29.08,221.0
29.51,189.0
34.12,5109.0
31.66,2180.0
31.07,1582.0
32.18,1562.0
25.56,193.0
27.71,205.0
24.11,-17.0
29.99,874.0
24.25,-4.0
30.81,1505.0
33.08,4676.0
32.84,3312.0
21.1,0.0
31.53,1683.0
32.83,2628.0
35.11,6586.0
29.29,546.0
34.66,5714.0
32.51,2347.0
32.15,2018.0
35.79,10314.0
31.93,1783.0
33.26,3293.0
32.93,3091.0
30.62,694.0
33.56,4178.0
32.91,2702.0
34.37,3998.0
29.64,688.0
30.8,1312.0
30.68,1389.0
33.38,4764.0
32.23,2470.0
33.67,4663.0
34.32,4907.0
32.84,2769.0
31.46,3038.0
28.79,173.0
31.29,1472.0
31.49,1236.0
30.41,638.0
32.07,2626.0
32.48,2382.0
33.74,4766.0
35.65,5440.0
24.47,-17.0
31.62,1567.0
30.57,996.0
32.97,2564.0
32.94,2971.0
31.43,1204.0
30.68,647.0
31.12,676.0
32.7,2364.0
31.01,1090.0
31.14,972.0
31.73,1254.0
31.56,1358.0
30.89,1030.0
33.5,3433.0
31.17,1213.0
32.78,2408.0
31.33,2315.0
29.75,529.0
30.89,844.0
30.32,-218.0
30.23,1184.0
31.28,1567.0
28.6,666.0
33.73,3113.0
30.63,1503.0
32.79,2799.0
32.39,3164.0
31.52,772.0
33.81,7627.0
34.9,5484.0
33.11,2944.0
27.92,315.0
29.4,560.0
32.59,2639.0
32.29,2634.0
31.67,1092.0
31.45,1752.0
32.89,2205.0
33.56,2502.0
32.09,1848.0
34.56,5328.0
33.53,3036.0
31.49,1082.0
32.48,2884.0
34.27,4996.0
34.26,5045.0
26.46,83.0
32.69,2871.0
33.56,4438.0
34.7,4495.0
31.1,1885.0
32.51,2112.0
34.87,6755.0
29.62,549.0
31.66,953.0
32.58,3295.0
30.88,831.0
29.17,1197.0
32.16,969.0
33.23,3274.0
33.87,2015.0
25.17,7.0
23.2,-142.0
32.49,2408.0
31.81,1272.0
32.03,1575.0
31.93,1490.0
33.13,2577.0
32.51,2584.0
32.69,2583.0
31.6,1457.0
31.51,1369.0
27.61,206.0
33.25,2850.0
31.82,1631.0
32.22,2654.0
32.31,1900.0
32.22,2797.0
32.9,2754.0
30.94,1441.0
28.3,309.0
27.53,214.0
28.69,423.0
28.35,460.0
28.92,622.0
27.66,396.0
33.48,4052.0
32.88,3303.0
32.71,3748.0
32.47,3512.0
32.46,2512.0
33.44,3094.0
33.59,3561.0
34.15,3183.0
31.62,1084.0
30.97,762.0
31.1,1157.0
31.98,1184.0
31.95,1185.0
33.26,3064.0
31.8,2501.0
30.1,813.0
31.98,2291.0
32.62,2375.0
32.13,1911.0
32.64,2357.0
33.45,3340.0
33.06,2619.0
33.28,2702.0
32.64,2408.0
31.92,2202.0
34.2,4294.0
32.91,2612.0
31.93,1098.0
32.18,2577.0
31.93,2086.0
33.15,2714.0
33.26,2315.0
31.16,714.0
31.52,1517.0
30.85,1397.0
32.26,2636.0
32.89,3687.0
27.37,213.0
32.42,2154.0
32.31,2464.0
31.26,1896.0
29.76,698.0
29.9,679.0
31.1,1776.0
28.33,229.0
28.12,247.0
26.48,133.0
30.22,1376.0
32.93,2784.0
31.37,978.0
31.44,917.0
31.36,2346.0
32.63,2121.0
31.32,529.0
22.11,174.0
19.53,-101.0
29.32,574.0
33.18,3246.0
31.1,2012.0
27.93,98.0
27.68,226.0
18.97,21.0
35.74,8513.0
28.63,366.0
27.03,196.0
27.38,106.0
16.8,114.0
31.52,769.0
31.41,1224.0
31.09,1112.0
30.83,1388.0
31.07,1667.0
32.34,2796.0
32.8,1327.0
32.55,1775.0
31.5,1178.0
25.68,14.0
31.36,1828.0
31.95,1477.0
30.62,1471.0
31.5,1493.0
30.92,237.0
31.5,1159.0
33.49,4516.0
31.01,1434.0
31.01,578.0
29.78,596.0
32.61,3020.0
28.46,242.0
29.04,185.0
29.23,436.0
28.65,304.0
29.77,433.0
27.53,18.0
28.16,301.0
33.8,4688.0
32.96,3637.0
33.15,2152.0
32.63,1887.0
32.91,1991.0
32.81,2437.0
33.88,3233.0
35.12,4983.0
35.41,7909.0
33.09,2917.0
33.5,4164.0
33.76,4678.0
31.66,1395.0
31.26,6050.0
24.94,-26.0
29.73,397.0
27.07,168.0
29.75,712.0
28.76,366.0
31.87,1741.0
29.89,543.0
32.33,2079.0
33.36,3111.0
32.39,1988.0
30.73,770.0
31.22,1608.0
32.11,1389.0
33.8,1642.0
32.33,1565.0
31.18,2268.0
32.17,1351.0
30.35,886.0
30.25,921.0
30.8,1203.0
29.11,491.0
24.5,-147.0
31.62,1577.0
32.24,1719.0
36.74,16653.0
32.13,1582.0
32.42,2179.0
28.41,273.0
31.61,1369.0
31.21,1836.0
31.67,1936.0
31.23,1614.0
32.11,1446.0
33.24,1761.0
32.35,1883.0
32.19,1717.0
33.44,4274.0
34.16,4779.0
32.85,3280.0
33.83,4377.0
33.13,2438.0
32.06,1615.0
32.98,4251.0
31.26,1466.0
31.17,1249.0
31.22,1469.0
32.24,2883.0
30.84,1188.0
31.43,1004.0
30.46,1527.0
32.11,2004.0
31.2,1336.0
27.24,257.0
32.89,2228.0
32.58,2630.0
31.7,1343.0
30.91,1540.0
31.89,887.0
34.46,5365.0
30.99,1603.0
28.17,302.0
31.31,859.0
31.29,1301.0
31.48,1281.0
31.39,1362.0
32.13,1446.0
31.07,773.0
31.19,1516.0
31.39,1202.0
31.89,1607.0
31.8,1719.0
31.77,2004.0
31.97,1297.0
31.51,1822.0
32.06,1786.0
31.84,1350.0
31.41,1263.0
32.11,1573.0
31.78,1416.0
30.81,906.0
30.92,1256.0
31.49,997.0
29.46,826.0
31.45,1070.0
31.3,1732.0
28.94,1329.0
31.47,867.0
31.3,976.0
31.02,1117.0
31.12,1679.0
32.13,1699.0
30.1,1038.0
33.27,3472.0
35.04,6910.0
33.5,3048.0
32.02,1954.0
32.57,1741.0
34.48,5948.0
31.94,1950.0
30.37,875.0
31.89,2178.0
32.77,2647.0
31.65,1237.0
31.48,1143.0
32.78,2994.0
32.58,3030.0
33.12,2992.0
35.38,8968.0
32.11,1562.0
33.05,2689.0
34.46,4950.0
33.02,1978.0
29.58,644.0
32.91,2724.0
34.71,4376.0
33.96,3251.0
32.04,1505.0
33.01,2417.0
31.89,1465.0
32.83,2482.0
31.95,1694.0
35.22,7531.0
34.91,4904.0
29.94,482.0
32.33,2380.0
33.95,4951.0
29.53,677.0
33.32,1472.0
33.22,3155.0
32.53,2154.0
32.87,2510.0
32.5,2421.0
32.9,2402.0
32.65,1682.0
33.25,2313.0
32.82,2068.0
29.25,868.0
31.64,1728.0
33.48,4088.0
31.17,2393.0
32.92,2001.0
32.38,2796.0
31.97,1680.0
31.24,1241.0
32.02,2595.0
32.3,2493.0
34.45,3524.0
32.3,2511.0
32.71,2352.0
32.7,2416.0
32.47,2620.0
32.73,2576.0
25.59,163.0
31.67,2571.0
31.52,1096.0
30.8,879.0
32.43,2623.0
32.64,1299.0
32.96,2913.0
33.66,3886.0
33.84,3566.0
34.39,3416.0
34.78,5649.0
34.11,3278.0
33.63,3603.0
32.64,2554.0
32.86,2316.0
32.14,1750.0
33.02,2722.0
33.8,3131.0
31.99,1420.0
31.43,1309.0
30.44,916.0
32.97,2670.0
33.06,2913.0
32.55,2232.0
33.01,3174.0
29.96,767.0
33.04,2910.0
32.56,1781.0
32.3,2100.0
30.17,763.0
30.55,718.0
32.11,1645.0
33.78,4191.0
31.26,797.0
31.85,1698.0
33.13,3201.0
35.59,8669.0
33.14,2975.0
34.24,3913.0
32.24,1373.0
30.69,490.0
32.42,1753.0
32.74,1705.0
30.41,929.0
32.38,1503.0
30.84,815.0
32.32,2403.0
33.66,2020.0
32.67,2213.0
28.19,272.0
32.51,2142.0
30.97,925.0
30.92,1317.0
31.34,620.0
35.12,6701.0
32.5,1900.0
32.12,1338.0
31.19,1584.0
32.54,1843.0
32.19,2528.0
31.12,855.0
31.25,484.0
31.2,-345.0
31.04,1323.0
31.06,625.0
31.1,911.0
31.03,1447.0
29.82,632.0
31.13,1336.0
31.08,916.0
31.03,1150.0
30.72,954.0
32.32,2799.0
27.8,319.0
32.07,2144.0
32.64,2535.0
33.86,4479.0
31.16,1059.0
30.58,1393.0
31.87,1289.0
30.93,1162.0
30.98,1005.0
33.26,3679.0
32.29,1812.0
32.62,4028.0
32.3,934.0
33.15,2598.0
31.52,2007.0
35.6,4998.0
26.61,186.0
27.7,386.0
32.58,2425.0
34.31,4722.0
32.33,2642.0
31.66,997.0
32.91,2722.0
32.77,2870.0
32.56,2636.0
32.23,2131.0
32.14,2541.0
34.72,5577.0
32.71,2475.0
32.91,2479.0
30.39,1127.0
34.36,4248.0
33.97,3908.0
33.58,3642.0
32.27,2142.0
33.24,3963.0
32.45,1928.0
33.63,4106.0
32.41,2054.0
33.07,2876.0
35.37,6823.0
32.05,2027.0
32.08,1650.0
32.01,1409.0
33.2,3769.0
31.21,2397.0
33.55,3681.0
33.49,4240.0
35.12,7117.0
31.93,1561.0
31.6,1747.0
32.74,2571.0
32.17,2378.0
31.13,2140.0
33.6,3919.0
32.15,1640.0
32.13,1899.0
32.52,2875.0
31.04,913.0
32.65,819.0
31.91,2271.0
32.63,2506.0
32.81,2177.0
33.75,4285.0
32.54,2040.0
32.62,2762.0
32.88,2993.0
32.06,2503.0
32.63,2489.0
33.86,3947.0
32.16,2259.0
30.15,997.0
32.95,2444.0
31.25,1565.0
30.7,773.0
29.8,758.0
32.31,2500.0
34.09,5432.0
23.32,44.0
32.77,3022.0
32.14,2922.0
32.98,3189.0
32.73,2758.0
32.56,2766.0
31.51,1573.0
32.53,2598.0
31.93,1896.0
31.83,1863.0
33.2,2823.0
32.87,2764.0
32.32,2535.0
32.86,2648.0
33.21,2752.0
31.7,1533.0
33.72,4281.0
30.89,1285.0
33.1,3226.0
32.83,2400.0
33.18,3636.0
32.82,2818.0
32.9,2821.0
33.65,4265.0
31.95,1563.0
33.23,3551.0
33.17,3680.0
32.93,2937.0
29.88,682.0
32.6,2508.0
30.68,920.0
33.2,2692.0
31.66,1143.0
36.09,9172.0
34.25,5072.0
34.15,4690.0
33.12,3872.0
34.04,5095.0
35.03,7426.0
33.72,5101.0
33.33,4334.0
31.6,1359.0
33.77,5896.0
29.33,636.0
33.7,3619.0
30.39,620.0
32.53,1669.0
31.7,1141.0
30.83,907.0
32.66,2122.0
31.06,1216.0
30.98,841.0
31.18,798.0
30.9,469.0
31.73,1002.0
30.98,1198.0
30.98,273.0
31.81,1148.0
34.18,4941.0
33.42,3409.0
33.11,2282.0
34.56,5398.0
33.32,3752.0
33.85,4771.0
32.43,2213.0
31.61,1160.0
31.38,1649.0
31.65,975.0
32.91,1647.0
32.73,2262.0
32.92,2608.0
32.46,2533.0
32.03,1980.0
32.66,2166.0
31.78,2002.0
31.56,608.0
31.24,-241.0
31.73,1209.0
31.08,1309.0
32.26,1055.0
30.89,42.0
32.08,795.0
31.71,923.0
30.98,592.0
30.92,359.0
31.19,1362.0
32.7,2456.0
32.01,2856.0
32.82,2853.0
31.15,1422.0
28.14,2370.0
31.93,1308.0
32.6,1507.0
31.39,1234.0
33.77,1617.0
32.39,1561.0
31.84,1203.0
32.41,1204.0
32.75,2317.0
34.95,5431.0
33.26,3677.0
31.34,1027.0
28.12,267.0
30.2,746.0
31.31,1008.0
31.89,683.0
31.85,1714.0
33.43,2478.0
30.84,924.0
34.76,6715.0
34.71,8165.0
31.6,1645.0
34.79,8543.0
35.03,6046.0
30.25,749.0
31.54,1051.0
29.67,968.0
31.77,862.0
31.49,1398.0
28.12,1356.0
32.56,2510.0
32.2,2416.0
32.3,2073.0
29.92,697.0
32.6,2381.0
31.66,2048.0
32.71,1822.0
32.13,1660.0
34.81,6457.0
32.21,2400.0
30.75,-216.0
31.52,1232.0
18.51,90.0
31.09,1222.0
32.7,2769.0
32.14,1466.0
30.89,911.0
32.6,2268.0
29.14,342.0
32.86,3584.0
31.88,2647.0
33.44,2447.0
29.95,792.0
31.8,926.0
33.19,2835.0
31.11,741.0
32.09,4022.0
32.57,4354.0
30.11,346.0
33.69,3904.0
29.97,395.0
28.62,295.0
27.25,258.0
30.75,848.0
32.82,1313.0
31.67,1086.0
30.92,1317.0
31.04,1267.0
32.12,1983.0
31.57,2612.0
24.42,-153.0
29.27,457.0
30.95,1406.0
30.84,389.0
31.84,385.0
28.45,377.0
34.13,4356.0
33.99,5721.0
33.63,6151.0
34.84,5004.0
34.27,2806.0
33.85,4179.0
33.88,4284.0
35.4,5605.0
34.4,5247.0
33.75,4638.0
35.02,7644.0
32.83,3165.0
35.05,6718.0
33.13,4801.0
34.48,4294.0
33.23,3666.0
34.35,4337.0
35.67,7895.0
33.79,4219.0
35.26,7366.0
35.44,7135.0
34.89,6029.0
35.44,9009.0
35.09,7786.0
34.73,5602.0
34.41,8419.0
36.59,11198.0
35.41,8081.0
32.46,2583.0
33.56,2535.0
31.96,2582.0
32.45,1829.0
30.2,732.0
32.94,1518.0
33.01,2995.0
32.06,2548.0
31.38,1680.0
30.91,1561.0
33.06,3443.0
33.09,2334.0
32.61,2218.0
31.72,2211.0
30.3,1057.0
31.26,1540.0
31.6,1622.0
32.37,2827.0
32.59,3018.0
29.5,1692.0
31.93,1571.0
31.12,517.0
30.9,1335.0
31.23,1421.0
32.12,1646.0
32.97,2762.0
31.29,1396.0
31.45,1534.0
32.22,1900.0
31.59,1885.0
34.45,5746.0
33.71,4368.0
34.6,4252.0
35.2,5572.0
34.22,4412.0
32.61,1757.0
33.96,3919.0
34.2,4494.0
34.23,4829.0
32.4,1911.0
33.88,4103.0
33.85,4782.0
33.13,1611.0
31.15,1031.0
31.9,2004.0
34.07,4346.0
32.93,2856.0
31.32,1046.0
30.46,1154.0
32.26,1651.0
33.1,2559.0
31.94,2286.0
31.45,1337.0
28.8,1641.0
32.22,2729.0
33.81,3920.0
32.09,1590.0
31.5,2010.0
31.91,1834.0
34.31,5637.0
31.59,1740.0
34.94,6153.0
33.29,2321.0
32.68,2073.0
31.72,1507.0
32.22,1135.0
30.31,1567.0
31.89,1366.0
31.77,1600.0
32.07,1874.0
32.49,1822.0
32.13,1485.0
32.95,1722.0
31.99,308.0
35.32,7291.0
32.72,2096.0
31.55,1022.0
29.9,611.0
32.79,2744.0
30.73,1332.0
32.31,1798.0
32.66,2225.0
32.1,1697.0
32.12,2754.0
30.48,1119.0
32.01,1120.0
30.73,1473.0
29.26,356.0
32.49,2659.0
31.65,1104.0
29.56,180.0
31.46,814.0
31.14,-142.0
31.28,1684.0
31.09,750.0
29.89,1073.0
31.26,1363.0
30.33,597.0
30.41,1209.0
28.22,123.0
29.65,1094.0
20.86,-56.0
29.34,630.0
32.93,2934.0
33.35,2500.0
32.33,1600.0
33.28,2794.0
31.96,1859.0
32.45,2301.0
32.33,1395.0
32.76,1972.0
32.89,2450.0
31.49,663.0
31.55,1670.0
31.52,1753.0
27.55,267.0
31.56,1516.0
34.46,4931.0
30.39,606.0
31.41,1299.0
31.46,913.0
31.55,1152.0
31.67,1040.0
32.42,1925.0
33.85,3607.0
32.5,1412.0
33.23,2598.0
33.38,3941.0
21.83,32.0
32.14,1199.0
33.28,2848.0
32.45,2581.0
29.97,660.0
32.84,3604.0
30.93,507.0
30.91,1241.0
31.1,953.0
31.84,1235.0
32.62,1216.0
24.52,-62.0
31.33,2023.0
30.88,1081.0
31.53,997.0
30.96,987.0
31.16,1144.0
30.93,1562.0
31.04,2215.0
29.86,564.0
31.83,1318.0
31.87,1573.0
32.2,2086.0
32.57,1462.0
31.99,2290.0
31.98,2085.0
27.86,88.0
32.46,2918.0
31.5,1885.0
32.75,2588.0
31.79,1379.0
30.49,1140.0
34.87,7870.0
35.19,7994.0
34.94,6983.0
35.06,5666.0
29.98,677.0
30.07,711.0
31.3,1701.0
31.13,1045.0
33.92,5336.0
32.41,2775.0
32.13,815.0
31.41,1449.0
32.94,2937.0
32.32,1895.0
32.31,2492.0
31.17,1033.0
33.64,2198.0
29.18,376.0
29.64,434.0
31.24,765.0
30.94,1012.0
33.51,1361.0
32.73,1519.0
31.28,1199.0
34.8,4238.0
33.66,2568.0
33.11,2644.0
33.78,3630.0
32.47,1632.0
31.41,2616.0
30.83,1614.0
31.55,1330.0
32.89,2508.0
30.66,1352.0
31.16,1513.0
30.13,629.0
32.36,2449.0
30.35,576.0
31.16,1176.0
30.52,747.0
31.93,1096.0
31.23,1100.0
31.79,1466.0
32.4,2546.0
33.23,3630.0
31.56,1302.0
35.06,6460.0
35.21,7350.0
33.37,2942.0
29.82,664.0
31.07,672.0
27.78,69.0
30.73,682.0
29.85,475.0
27.77,107.0
27.53,237.0
30.3,635.0
28.21,366.0
29.78,574.0
29.13,530.0
28.22,400.0
29.14,272.0
30.81,1029.0
27.86,226.0
28.03,383.0
30.29,444.0
30.27,457.0
31.7,953.0
29.66,458.0
29.46,444.0
31.73,1142.0
30.13,574.0
29.19,469.0
29.97,539.0
30.11,726.0
29.35,439.0
29.26,480.0
29.08,486.0
31.28,716.0
29.19,319.0
27.12,269.0
32.66,1090.0
28.71,570.0
27.26,179.0
29.31,515.0
28.48,246.0
30.11,624.0
28.39,334.0
27.08,250.0
29.07,551.0
28.3,318.0
28.3,394.0
28.42,163.0
28.22,348.0
28.2,362.0
30.26,598.0
30.14,483.0
29.3,258.0
30.79,1687.0
30.96,928.0
32.08,588.0
31.09,602.0
31.11,937.0
31.14,1779.0
30.97,1120.0
31.02,1754.0
30.45,875.0
31.27,1767.0
30.03,756.0
33.2,3709.0
31.2,1905.0
30.69,931.0
29.41,514.0
31.96,1761.0
30.97,1079.0
31.55,945.0
31.78,1144.0
30.27,822.0
29.9,761.0
27.83,391.0
31.57,1078.0
30.44,1142.0
31.11,1312.0
32.08,506.0
32.28,1708.0
30.4,746.0
24.46,-112.0
31.84,1818.0
31.11,1078.0
31.39,2183.0
31.58,1314.0
30.77,1014.0
29.35,803.0
33.6,3912.0
31.35,2082.0
29.98,1520.0
29.74,465.0
28.02,254.0
28.16,262.0
28.01,153.0
27.7,270.0
31.68,1605.0
27.79,119.0
27.37,105.0
31.14,1679.0
32.16,1710.0
26.53,121.0
31.97,1638.0
30.74,848.0
31.12,1230.0
24.71,-48.0
30.85,1605.0
24.94,-54.0
28.61,273.0
27.79,340.0
30.41,1222.0
24.5,-22.0
31.73,1469.0
32.9,2754.0
35.33,7535.0
26.62,98.0
31.74,1400.0
34.19,4582.0
32.94,3586.0
31.85,1191.0
30.9,2303.0
30.82,793.0
29.09,478.0
27.68,223.0
30.09,590.0
29.67,548.0
27.53,34.0
27.73,265.0
28.79,445.0
27.58,209.0
28.32,39.0
27.38,183.0
28.13,303.0
28.94,493.0
28.01,316.0
26.8,196.0
28.21,282.0
27.37,313.0
28.79,346.0
27.68,274.0
31.32,801.0
28.15,256.0
27.75,50.0
30.02,1150.0
31.87,1502.0
26.08,179.0
33.46,4974.0
28.13,269.0
32.52,1965.0
27.95,1019.0
30.47,670.0
30.09,360.0
34.73,4519.0
29.59,885.0
32.7,2677.0
30.53,861.0
30.48,2248.0
30.15,803.0
30.37,-267.0
31.08,1916.0
31.39,965.0
30.49,1596.0
33.73,4477.0
33.24,2956.0
27.89,357.0
31.18,818.0
33.46,4982.0
27.84,244.0
32.76,2259.0
33.47,3472.0
30.45,827.0
31.78,1444.0
33.1,1865.0
31.56,1082.0
33.45,4051.0
32.88,3230.0
34.17,5602.0
34.58,4542.0
32.81,5095.0
34.02,5033.0
34.16,4219.0
33.87,4634.0
33.88,4634.0
34.57,5162.0
32.1,2392.0
34.35,4245.0
30.02,656.0
31.89,1275.0
32.89,3070.0
31.82,1430.0
32.55,2489.0
33.8,5834.0
30.73,1385.0
34.6,6161.0
30.44,1042.0
34.54,6013.0
33.08,3123.0
33.27,2719.0
32.22,2037.0
32.89,2356.0
30.58,594.0
32.86,2824.0
33.56,6712.0
33.57,2692.0
31.15,1002.0
33.07,2682.0
33.3,4626.0
33.99,5505.0
31.51,1344.0
33.12,2367.0
34.71,5896.0
35.05,4676.0
33.93,3920.0
32.5,1799.0
31.48,1989.0
33.82,4405.0
33.55,3146.0
29.86,385.0
31.1,1489.0
32.2,1110.0
31.36,1040.0
34.43,6476.0
33.44,2714.0
29.54,1970.0
33.11,2669.0
32.45,1946.0
33.17,1586.0
34.8,5940.0
32.95,2796.0
33.84,1972.0
34.14,5439.0
34.98,6400.0
32.76,6241.0
33.26,3580.0
32.57,2510.0
34.04,4489.0
33.54,6297.0
34.37,3863.0
32.98,3189.0
34.35,5340.0
30.96,700.0
33.9,5076.0
32.13,1041.0
34.46,4925.0
35.15,7800.0
32.34,2113.0
32.43,2178.0
32.98,2208.0
33.2,3975.0
33.48,4561.0
33.11,2010.0
33.78,3503.0
35.17,7447.0
30.43,2146.0
32.62,1802.0
33.62,2110.0
31.77,2502.0
31.34,808.0
33.22,3016.0
33.1,2628.0
33.24,1832.0
32.67,1250.0
32.82,1992.0
30.11,734.0
32.06,1259.0
32.06,1624.0
25.79,168.0
33.33,2705.0
31.81,1047.0
33.21,2028.0
32.58,2170.0
30.95,1854.0
31.66,1474.0
32.25,1552.0
33.01,2473.0
31.2,1288.0
34.9,6296.0
33.12,2492.0
32.31,2155.0
32.44,1958.0
32.32,2371.0
32.05,1235.0
31.78,1990.0
31.9,-208.0
31.05,941.0
31.69,791.0
32.87,2868.0
31.94,2647.0
31.29,704.0
31.82,1673.0
31.72,758.0
32.2,1288.0
29.27,816.0
28.72,256.0
31.83,767.0
31.07,1813.0
33.67,2613.0
29.0,66.0
35.35,7540.0
30.82,882.0
31.95,1809.0
35.08,6587.0
32.84,2548.0
28.37,129.0
35.83,8972.0
33.45,2988.0
32.39,2409.0
32.42,1411.0
29.15,435.0
31.54,1006.0
32.37,1545.0
31.99,2031.0
31.01,2309.0
35.97,9130.0
31.2,2242.0
32.21,2245.0
32.07,1923.0
35.07,6362.0
31.75,1241.0
33.33,3277.0
32.25,2038.0
32.76,2016.0
33.73,2682.0
33.77,4480.0
35.46,8956.0
33.23,2254.0
32.6,2221.0
34.24,4830.0
32.35,1855.0
32.12,1975.0
35.72,9511.0
32.09,2055.0
33.42,3109.0
32.57,1261.0
33.29,3070.0
35.18,6821.0
35.53,9327.0
31.52,1356.0
32.61,2893.0
28.99,238.0
33.25,3506.0
33.78,4363.0
33.15,4212.0
31.68,2096.0
34.47,4771.0
34.03,4689.0
35.37,8275.0
34.17,5962.0
33.21,2791.0
31.9,2634.0
34.48,4863.0
32.84,3969.0
31.05,1046.0
32.87,3940.0
33.06,3791.0
33.95,3430.0
32.51,2952.0
35.23,7300.0
33.31,3327.0
33.7,5049.0
33.98,4895.0
34.13,4763.0
33.71,4412.0
34.24,4424.0
33.7,4326.0
34.82,5509.0
33.76,4991.0
34.41,5360.0
35.6,8144.0
33.05,6294.0
33.57,4743.0
31.48,1487.0
31.44,1173.0
33.8,4732.0
35.3,9478.0
31.4,1213.0
31.36,1083.0
35.17,6885.0
34.62,4799.0
32.08,2177.0
34.34,5664.0
32.37,1200.0
31.87,2184.0
31.13,1803.0
35.34,9131.0
35.52,9234.0
24.49,-180.0
24.8,-439.0
36.14,10486.0
34.22,4930.0
27.97,278.0
34.03,4840.0
30.25,750.0
28.42,402.0
31.36,1448.0
29.92,478.0
29.87,467.0
31.49,1179.0
32.78,1561.0
30.73,1124.0
30.65,1036.0
30.86,824.0
31.44,1063.0
31.24,682.0
30.86,1204.0
30.57,934.0
30.4,1874.0
31.18,1114.0
31.02,1272.0
30.17,929.0
34.95,7182.0
34.44,4878.0
30.8,821.0
32.11,2512.0
29.48,244.0
32.42,2640.0
31.63,1305.0
32.95,1889.0
33.04,1641.0
32.34,1859.0
31.91,1459.0
30.33,978.0
33.35,2898.0
32.7,2582.0
32.45,2352.0
31.05,1169.0
30.76,836.0
32.41,1478.0
32.56,2473.0
30.3,1148.0
32.48,2156.0
34.15,4639.0
36.47,8711.0
34.13,4189.0
34.43,7756.0
30.96,220.0
35.49,6915.0
35.46,8128.0
35.08,6960.0
33.93,4216.0
35.46,8412.0
34.8,4272.0
39.83,43318.0
40.11,78916.0
40.06,80998.0
39.66,61811.0
17.01,-195.0
17.34,-258.0
29.79,500.0
32.56,1622.0
33.47,2725.0
31.93,2049.0
32.89,2680.0
33.71,4477.0
32.43,2710.0
32.47,2056.0
31.64,1633.0
34.3,3195.0
33.22,3552.0
33.9,2878.0
33.81,3676.0
33.71,3261.0
33.84,3531.0
32.81,2820.0
33.53,3030.0
32.22,2017.0
31.46,855.0
31.84,1787.0
30.56,1192.0
31.34,1004.0
30.82,1163.0
30.33,737.0
32.76,2056.0
32.62,2700.0
32.32,2319.0
32.33,1508.0
31.27,961.0
32.73,2093.0
32.58,2521.0
32.66,3187.0
33.3,5028.0
31.51,2016.0
31.67,1398.0
33.8,4381.0
32.72,1961.0
34.13,3763.0
30.27,733.0
33.23,1976.0
31.95,1716.0
32.59,2983.0
33.28,2797.0
31.41,1526.0
33.21,2690.0
31.13,1007.0
30.78,1158.0
32.88,2892.0
35.13,8293.0
32.55,1908.0
31.35,1064.0
31.71,1504.0
32.9,3198.0
34.47,5776.0
31.83,3170.0
32.92,2839.0
31.08,962.0
32.97,3046.0
33.14,2925.0
33.78,4939.0
32.47,2677.0
32.32,3156.0
32.59,2551.0
32.78,2970.0
31.8,1828.0
31.78,1866.0
31.48,1608.0
32.76,2884.0
33.35,3427.0
32.19,1568.0
32.56,1928.0
33.94,4846.0
31.17,1287.0
30.83,1193.0
30.99,1479.0
32.25,2699.0
32.63,2614.0
32.45,3007.0
33.65,4358.0
31.4,1023.0
29.6,928.0
32.46,2411.0
33.16,2709.0
29.93,703.0
30.47,971.0
30.86,1046.0
37.25,25977.0
37.59,22950.0
31.86,1803.0
35.26,8193.0
37.57,28268.0
33.97,4649.0
35.65,8528.0
33.97,3863.0
34.52,5284.0
35.15,6031.0
34.89,4144.0
34.2,4550.0
35.18,5889.0
35.52,8118.0
35.27,7484.0
32.28,1852.0
32.79,2318.0
32.59,1196.0
35.33,7367.0
35.77,9255.0
31.36,2818.0
35.15,6839.0
37.78,20203.0
36.52,12460.0
35.19,6685.0
32.76,2910.0
32.79,2020.0
31.84,1831.0
35.9,9371.0
32.54,1786.0
35.67,9405.0
31.92,2280.0
29.88,2177.0
31.11,909.0
35.79,7785.0
30.98,1656.0
34.95,6830.0
32.74,2778.0
30.96,1537.0
33.27,2421.0
36.41,13621.0
34.89,7309.0
33.35,7788.0
35.43,6132.0
34.36,6567.0
35.91,8352.0
35.17,7255.0
33.68,7157.0
33.05,7450.0
34.33,8182.0
32.92,6144.0
33.91,6425.0
35.02,7318.0
34.27,7194.0
35.04,5464.0
35.11,7160.0
35.69,6929.0
34.85,7033.0
34.98,7021.0
33.1,6952.0
35.04,6023.0
36.08,7046.0
35.19,6418.0
34.96,7681.0
35.21,5751.0
34.7,6840.0
35.1,9477.0
34.29,6073.0
37.74,20314.0
35.66,6802.0
34.98,7600.0
35.23,6268.0
35.6,6831.0
34.86,6984.0
35.18,8022.0
35.51,6914.0
33.99,6919.0
33.93,8403.0
35.24,7580.0
35.24,7721.0
34.61,6586.0
34.91,7252.0
34.59,7520.0
34.92,5748.0
34.45,5900.0
34.57,8190.0
34.83,7792.0
34.67,5971.0
34.05,8210.0
33.88,5477.0
34.09,6613.0
35.24,8126.0
33.94,6915.0
33.53,7566.0
35.29,7619.0
34.01,8244.0
34.99,7292.0
34.71,5752.0
34.85,8665.0
35.19,5983.0
34.52,7621.0
33.55,7430.0
35.43,6241.0
34.24,8224.0
35.16,8386.0
36.03,10126.0
34.4,6068.0
35.89,10295.0
32.21,1714.0
35.09,7180.0
32.25,2333.0
33.36,2617.0
33.51,2204.0
31.15,2018.0
32.42,2771.0
34.02,3734.0
33.71,2462.0
35.98,10963.0
32.63,2427.0
35.85,10112.0
34.72,14906.0
32.29,2636.0
32.34,2814.0
38.27,28568.0
35.76,10011.0
35.81,9159.0
35.3,8074.0
36.54,14970.0
34.26,6036.0
36.19,15072.0
32.94,1823.0
33.45,2176.0
36.43,18910.0
36.65,20081.0
36.88,17485.0
32.59,1573.0
31.33,1605.0
35.4,6161.0
35.67,13749.0
36.6,19672.0
34.01,5866.0
32.05,2149.0
33.19,2802.0
31.06,542.0
34.39,5459.0
31.12,1198.0
31.14,1615.0
30.98,914.0
31.15,1371.0
36.38,13281.0
31.54,1597.0
37.52,23603.0
36.95,22941.0
34.16,2702.0
36.49,13497.0
37.77,31378.0
37.11,27136.0
37.54,32351.0
35.51,8980.0
35.9,10914.0
35.63,8478.0
35.07,9386.0
30.23,405.0
28.66,253.0
34.35,4478.0
26.42,95.0
28.34,230.0
26.12,142.0
28.29,239.0
27.64,207.0
24.46,-169.0
24.57,-96.0
27.03,63.0
36.58,12712.0
28.89,275.0
24.45,-24.0
24.39,-223.0
27.86,-24.0
38.58,48464.0
37.85,35904.0
40.06,93153.0
38.03,35410.0
39.94,77826.0
39.21,59325.0
37.28,26117.0
37.43,28074.0
36.1,13036.0
37.83,26265.0
35.73,11584.0
34.18,3439.0
37.92,25157.0
37.2,18904.0
29.87,426.0
38.14,39239.0
38.79,52370.0
37.03,17269.0
37.6,21706.0
29.6,652.0
41.39,142369.0
43.11,237250.0
24.35,-68.0
28.76,440.0
38.99,56131.0
31.12,1456.0
40.25,89756.0
28.0,79.0
27.87,-34.0
17.1,169.0
24.43,-33.0
21.65,69.0
18.1,-116.0
19.1,109.0
19.95,-7.0
17.5,-33.0
18.11,35.0
18.15,82.0
21.0,-95.0
20.8,145.0
20.96,10.0
18.35,240.0
21.25,59.0
17.73,42.0
37.21,10931.0
25.59,-135.0
24.83,68.0
24.05,8.0
24.37,-326.0
24.33,-297.0
24.62,-393.0
24.62,-24.0
23.71,-211.0
27.68,76.0
21.3,-75.0
16.13,36.0
28.18,324.0
24.36,-85.0
24.5,81.0
24.6,-355.0
24.61,-164.0
24.66,3.0
29.62,467.0
24.17,48.0
36.15,10374.0
38.42,30279.0
36.55,11841.0
35.25,7373.0
35.81,10561.0
37.56,19125.0
34.26,60030.0
24.4,16.0
24.45,-181.0
24.75,-19.0
24.49,-216.0
30.87,1122.0
31.28,-37.0
35.63,9474.0
38.58,81556.0
40.42,89440.0
39.81,79026.0
39.58,65231.0
38.55,42955.0
39.84,64061.0
38.92,54113.0
40.13,87228.0
38.69,49673.0
39.3,63923.0
39.56,75045.0
39.54,69446.0
40.12,83278.0
40.67,109014.0
38.59,48671.0
41.13,123355.0
38.04,36447.0
38.63,46951.0
39.09,56020.0
40.06,84068.0
40.2,88561.0
40.48,93424.0
40.19,92802.0
39.02,54174.0
39.27,61485.0
39.26,63828.0
40.44,108278.0
39.96,81816.0
38.99,55924.0
41.19,117348.0
39.37,64591.0
37.84,35328.0
40.85,126695.0
40.88,113461.0
40.01,71944.0
41.5,116190.0
41.96,170745.0
41.06,146754.0
41.41,148358.0
42.44,196580.0
41.55,134948.0
41.07,128874.0
40.6,128729.0
41.78,170774.0
41.7,128832.0
40.53,95792.0
42.48,173438.0
41.12,134771.0
41.34,174032.0
41.72,124570.0
42.83,248790.0
41.34,132090.0
41.65,150008.0
43.21,257733.0
41.71,161796.0
42.88,233694.0
42.59,173785.0
43.78,228652.0
41.23,158800.0
38.58,53873.0
43.65,164744.0
39.49,53819.0
42.48,110781.0
41.25,140756.0
41.05,131763.0
42.26,194719.0
40.62,107779.0
41.29,131762.0
41.61,149751.0
42.45,191723.0
41.47,128870.0
42.05,191827.0
42.53,224806.0
38.5,44816.0
38.08,37009.0
38.25,35834.0
38.72,54695.0
41.61,137921.0
42.92,278827.0
41.34,140863.0
39.85,84063.0
43.56,278908.0
41.8,165464.0
42.26,201140.0
41.66,153168.0
38.19,38605.0
31.84,974.0
38.18,38895.0
37.26,27068.0
40.33,87010.0
39.31,57304.0
38.41,47939.0
37.93,32611.0
37.98,37311.0
39.05,48017.0
39.93,77544.0
38.46,30132.0
39.8,75089.0
40.34,90314.0
40.58,104990.0
39.65,66191.0
39.77,77563.0
39.41,72090.0
38.34,41116.0
40.77,89984.0
38.88,17982.0
40.28,111529.0
38.1,44866.0
37.99,37921.0
38.76,52287.0
37.94,33172.0
37.97,35336.0
40.19,112128.0
40.48,127454.0
40.57,106048.0
37.62,22407.0
41.23,125957.0
42.98,245191.0
20.64,130.0
21.63,-63.0
17.45,-91.0
22.82,-67.0
19.6,-27.0
20.4,-186.0
18.8,-205.0
15.52,-55.0
31.77,1500.0
32.25,1626.0
32.11,1716.0
20.16,41.0
33.72,3988.0
31.71,1615.0
30.7,1506.0
30.82,1433.0
32.41,1484.0
31.8,1499.0
31.99,2281.0
31.18,526.0
31.1,819.0
20.35,-74.0
13.58,213.0
24.53,-155.0
17.11,171.0
30.04,835.0
33.78,2393.0
31.78,681.0
30.97,655.0
31.02,1324.0
30.91,901.0
29.53,914.0
30.89,58.0
31.04,1567.0
30.93,232.0
31.03,1917.0
31.11,1514.0
32.17,1899.0
31.62,1080.0
31.03,1669.0
32.02,2257.0
31.34,1219.0
31.33,1472.0
31.31,1216.0
32.04,1687.0
32.3,1454.0
31.63,1226.0
31.51,1682.0
32.12,1812.0
31.48,948.0
26.86,242.0
32.02,2492.0
32.54,2396.0
32.87,3275.0
31.79,2611.0
32.28,2794.0
30.55,2628.0
32.81,3268.0
33.69,3051.0
32.24,3011.0
32.49,1705.0
32.86,3227.0
33.25,2826.0
31.87,2784.0
32.27,1903.0
33.57,1786.0
27.65,227.0
35.91,8469.0
31.19,670.0
31.29,780.0
30.35,1297.0
31.17,1726.0
32.59,1020.0
31.49,1414.0
36.43,13365.0
24.0,-200.0
35.29,7103.0
35.24,6045.0
36.57,13302.0
33.45,3060.0
31.6,1477.0
34.32,4441.0
31.57,1502.0
32.17,1428.0
33.44,3789.0
33.74,5334.0
30.68,1354.0
33.4,5372.0
26.45,69.0
29.17,374.0
32.54,2933.0
31.25,1539.0
29.93,1560.0
34.94,6135.0
32.15,1587.0
31.44,1598.0
30.3,1555.0
32.06,1585.0
29.27,416.0
34.6,6694.0
36.12,11317.0
27.62,248.0
27.79,245.0
31.43,1787.0
31.59,1608.0
33.09,4950.0
32.18,1810.0
35.37,3746.0
32.83,2934.0
33.11,1968.0
19.63,76.0
32.83,2893.0
34.34,5655.0
32.43,1927.0
34.59,5725.0
34.46,5009.0
34.53,5512.0
34.82,6018.0
34.62,5235.0
34.61,5639.0
33.29,2001.0
32.01,2043.0
32.99,2694.0
31.68,1584.0
34.04,5340.0
31.75,2964.0
34.4,5074.0
32.16,1447.0
35.75,11496.0
33.23,2155.0
37.08,17780.0
32.79,1665.0
34.16,5039.0
33.74,5737.0
34.34,5338.0
31.49,1636.0
36.7,13801.0
31.44,1408.0
34.72,5348.0
36.1,9163.0
31.51,1935.0
31.42,2011.0
28.17,158.0
30.72,1580.0
35.94,15868.0
33.28,3447.0
34.71,6174.0
36.01,11127.0
34.44,5042.0
31.88,1556.0
31.55,1576.0
32.36,2301.0
32.74,2295.0
33.1,4065.0
31.28,4791.0
26.63,157.0
33.87,5330.0
32.59,2097.0
31.22,1457.0
35.21,8143.0
33.97,4757.0
30.94,1491.0
35.98,4628.0
32.65,1376.0
36.23,10380.0
34.42,6465.0
33.27,3646.0
34.43,4990.0
28.83,434.0
31.22,1532.0
28.91,498.0
31.93,2360.0
33.06,3897.0
32.81,2706.0
35.52,8928.0
32.8,2592.0
31.71,1485.0
31.39,1320.0
31.44,1646.0
31.87,2178.0
33.71,3954.0
31.33,1261.0
34.76,5960.0
32.88,2810.0
35.47,8645.0
33.76,3078.0
32.12,2534.0
33.12,1949.0
30.85,928.0
31.21,1014.0
31.5,1250.0
31.71,997.0
31.44,1649.0
31.65,1688.0
32.59,2286.0
31.49,1456.0
34.2,5934.0
31.34,1712.0
32.26,1507.0
28.72,425.0
31.69,1659.0
32.21,1941.0
31.5,1298.0
31.02,1713.0
32.14,1807.0
31.14,912.0
31.45,1214.0
31.78,2233.0
31.44,1235.0
31.41,1696.0
31.45,1166.0
31.54,1541.0
26.69,330.0
28.95,491.0
31.79,1722.0
31.51,1257.0
31.6,1194.0
29.31,595.0
31.32,1753.0
31.56,1103.0
31.43,1571.0
31.41,1138.0
31.61,798.0
31.59,1260.0
31.48,695.0
31.55,1041.0
31.46,868.0
31.47,1176.0
34.74,6002.0
31.55,1513.0
31.04,1535.0
36.97,17532.0
31.65,977.0
31.77,1678.0
31.44,1850.0
30.06,1374.0
31.47,1212.0
29.62,1157.0
31.48,1362.0
34.65,5495.0
30.5,1314.0
28.82,302.0
30.9,1128.0
32.96,2388.0
34.1,2646.0
34.35,4660.0
32.02,1271.0
31.71,1788.0
32.5,2862.0
32.96,1781.0
33.71,3840.0
32.19,1853.0
35.24,8822.0
31.13,817.0
33.15,3777.0
33.91,4372.0
30.26,786.0
33.64,5527.0
34.07,4595.0
34.05,5462.0
33.33,4032.0
33.82,4592.0
30.35,1483.0
33.53,4029.0
31.87,1489.0
33.73,3855.0
33.16,2429.0
34.21,4698.0
33.91,4580.0
34.19,4694.0
31.47,1784.0
30.3,1042.0
31.25,1328.0
34.22,4857.0
30.05,899.0
34.11,4513.0
31.09,1012.0
33.49,3754.0
33.54,3844.0
30.67,1015.0
32.81,1624.0
34.05,4453.0
33.63,4116.0
32.22,2199.0
30.36,1055.0
34.38,4356.0
32.44,2244.0
34.87,4644.0
32.9,1828.0
32.42,2556.0
32.19,1851.0
32.26,1217.0
31.54,1304.0
33.99,4285.0
31.42,1071.0
31.18,1108.0
32.53,2648.0
33.04,2359.0
29.27,440.0
32.42,2430.0
30.84,1141.0
34.22,4344.0
34.1,5206.0
33.36,2711.0
34.32,5767.0
30.53,1150.0
30.82,1081.0
31.09,1563.0
34.15,2813.0
29.05,286.0
33.44,4500.0
36.64,14796.0
33.26,3171.0
34.73,5266.0
34.27,5854.0
33.66,4233.0
32.15,1701.0
33.91,4905.0
32.34,1208.0
32.86,2066.0
34.04,4386.0
33.82,3024.0
34.19,5316.0
31.22,1390.0
32.11,1904.0
34.05,4185.0
28.92,372.0
32.09,1519.0
33.24,4366.0
34.36,5416.0
32.04,2675.0
30.52,587.0
33.35,2781.0
32.42,4372.0
35.11,6866.0
35.38,6929.0
32.39,2656.0
35.08,7500.0
33.36,3713.0
34.71,5835.0
30.55,578.0
32.16,2552.0
31.56,2186.0
32.27,2401.0
20.16,13.0
33.35,3834.0
30.2,608.0
33.25,2591.0
29.97,662.0
31.59,2188.0
31.9,1514.0
31.14,1841.0
31.9,1196.0
33.88,4008.0
32.44,2096.0
32.67,1857.0
35.77,7881.0
30.58,2078.0
33.14,2383.0
34.37,6330.0
32.02,1632.0
32.68,3426.0
28.61,345.0
32.29,2179.0
32.44,1554.0
33.45,2672.0
34.15,4864.0
33.61,4314.0
32.1,2235.0
34.94,6317.0
32.19,1261.0
31.75,1868.0
32.83,3176.0
32.69,1870.0
32.69,2180.0
34.07,2541.0
35.1,6126.0
32.27,2569.0
33.48,2332.0
31.08,1456.0
34.78,5032.0
33.03,2444.0
30.8,1226.0
32.44,2046.0
33.82,2321.0
32.73,1903.0
30.64,796.0
27.53,314.0
30.07,745.0
31.85,1069.0
33.85,2601.0
32.87,1979.0
32.9,2634.0
34.04,4163.0
34.58,5245.0
33.29,3110.0
29.83,488.0
33.56,3041.0
34.45,4773.0
32.05,1350.0
34.96,5231.0
33.14,3318.0
30.5,890.0
32.25,726.0
34.18,4982.0
32.82,1376.0
29.06,750.0
31.39,1676.0
35.63,9458.0
32.6,1436.0
31.01,1340.0
31.86,2390.0
32.16,2028.0
33.74,4066.0
33.57,2538.0
31.24,1252.0
33.92,4526.0
31.91,2247.0
34.93,5209.0
34.46,6371.0
32.57,2414.0
32.9,2612.0
34.83,4524.0
32.5,2581.0
34.44,5715.0
31.86,1445.0
31.41,1464.0
31.13,732.0
32.76,2631.0
29.67,593.0
35.64,8322.0
33.02,3199.0
32.64,2269.0
32.15,2141.0
32.93,1800.0
34.87,6061.0
35.77,9068.0
32.84,1784.0
34.18,5126.0
32.66,2593.0
33.14,1953.0
33.05,1544.0
34.53,3346.0
29.98,2605.0
34.18,3585.0
34.43,3214.0
34.12,4583.0
34.47,5040.0
33.21,2490.0
32.46,1657.0
32.66,2219.0
32.38,2205.0
32.73,2554.0
33.53,2699.0
32.77,1903.0
33.56,2490.0
34.82,4965.0
32.58,2158.0
33.3,2220.0
33.59,2240.0
34.01,3258.0
32.75,2201.0
33.48,2400.0
31.18,638.0
29.14,788.0
32.86,1925.0
31.98,1442.0
33.13,2726.0
22.89,-47.0
31.68,1562.0
31.84,2119.0
32.8,2285.0
31.84,2340.0
34.1,4168.0
29.36,404.0
35.13,7305.0
32.24,2199.0
31.01,1776.0
32.86,2586.0
33.52,2522.0
33.49,2426.0
30.09,502.0
33.55,2965.0
30.88,779.0
33.17,2942.0
33.73,2249.0
32.4,1681.0
33.17,2514.0
32.77,1874.0
32.97,2566.0
33.11,2341.0
27.95,66.0
27.93,160.0
32.39,2200.0
32.07,2200.0
27.91,189.0
33.76,4024.0
32.15,1419.0
27.83,161.0
31.14,744.0
25.56,150.0
31.18,870.0
27.81,-29.0
31.16,1670.0
29.1,550.0
34.47,7088.0
32.86,3364.0
32.24,1307.0
33.29,1984.0
31.96,1183.0
31.09,893.0
27.85,277.0
32.87,2286.0
32.92,2401.0
32.41,2705.0
31.4,2519.0
31.91,1151.0
32.2,2459.0
33.29,3676.0
33.02,2802.0
33.07,2534.0
33.46,2200.0
27.71,160.0
34.51,5500.0
35.85,9597.0
33.12,2373.0
32.66,2988.0
32.57,2489.0
32.58,2346.0
32.2,2445.0
33.46,3308.0
31.45,2271.0
32.06,3465.0
30.9,745.0
34.14,2546.0
29.44,3174.0
32.42,2428.0
33.23,4222.0
33.08,2750.0
32.05,693.0
33.11,2666.0
29.23,842.0
33.75,2695.0
33.02,3356.0
33.89,3349.0
33.02,3470.0
32.9,2648.0
32.96,1934.0
34.08,4160.0
34.03,3159.0
34.12,4180.0
31.29,4208.0
32.19,889.0
32.99,3540.0
31.83,2442.0
33.53,4238.0
33.09,2548.0
32.87,999.0
32.15,2787.0
29.2,454.0
34.28,4323.0
32.74,2720.0
34.24,3688.0
29.2,501.0
30.31,831.0
31.05,614.0
32.98,2317.0
32.13,1867.0
34.36,4547.0
28.03,230.0
33.28,3072.0
32.05,1558.0
31.57,1026.0
34.53,5255.0
32.52,862.0
31.23,1173.0
29.45,1008.0
33.16,2946.0
32.53,2261.0
29.8,852.0
32.09,1302.0
31.31,1192.0
32.75,2557.0
31.97,2037.0
33.28,2812.0
31.55,904.0
31.88,2410.0
34.82,6167.0
31.57,1412.0
32.01,1158.0
34.93,2682.0
31.68,1425.0
31.86,1998.0
34.33,4865.0
32.09,1691.0
31.39,1751.0
32.87,2487.0
32.03,2054.0
32.88,2818.0
32.68,1579.0
34.19,3900.0
34.77,6817.0
28.89,454.0
34.61,6715.0
31.72,1893.0
34.53,5928.0
32.57,1828.0
31.8,1573.0
34.07,6979.0
31.3,1049.0
35.07,5625.0
31.67,873.0
33.42,2597.0
30.59,938.0
33.43,6604.0
35.31,5919.0
31.72,1490.0
28.67,454.0
31.59,1438.0
31.93,1555.0
32.39,2804.0
32.17,1720.0
31.01,1625.0
31.07,924.0
30.12,956.0
30.43,750.0
31.59,1620.0
31.22,1637.0
29.82,2022.0
31.28,1699.0
32.67,1966.0
30.02,1578.0
31.12,1674.0
31.88,2080.0
31.14,1293.0
33.07,2673.0
31.93,1546.0
31.79,2042.0
31.94,1855.0
32.31,1962.0
32.37,2002.0
32.28,1508.0
28.43,358.0
32.87,1993.0
31.76,1961.0
33.76,2471.0
33.4,1989.0
31.27,205.0
30.36,-70.0
27.59,425.0
32.57,1146.0
31.31,2508.0
32.07,2994.0
32.27,2763.0
31.6,1797.0
32.12,761.0
31.02,1926.0
29.31,328.0
30.97,1964.0
31.01,1024.0
32.99,3239.0
31.22,2584.0
32.84,2754.0
31.84,3366.0
32.3,2872.0
28.37,322.0
32.59,3220.0
28.34,334.0
29.64,456.0
32.43,1645.0
31.22,885.0
31.39,1185.0
35.29,7526.0
30.22,1347.0
30.88,875.0
33.26,9128.0
32.11,574.0
31.96,1354.0
32.93,2783.0
32.46,3001.0
33.37,3172.0
33.35,2364.0
32.65,2437.0
32.81,2412.0
34.95,6952.0
35.06,10820.0
32.96,4429.0
32.36,2434.0
33.18,3135.0
28.68,452.0
35.94,9699.0
31.13,1374.0
34.51,4875.0
27.39,368.0
32.91,2327.0
32.42,1809.0
32.76,2464.0
33.01,2680.0
32.3,2142.0
34.3,3751.0
29.39,1198.0
29.09,1294.0
33.51,2961.0
32.16,1781.0
32.67,2705.0
34.03,4010.0
32.82,2705.0
33.16,4496.0
32.4,2280.0
31.85,2120.0
32.56,1883.0
32.08,2150.0
33.08,2449.0
33.28,2741.0
32.67,4143.0
32.58,3026.0
33.17,3080.0
32.58,2889.0
34.11,4529.0
28.86,493.0
32.39,2358.0
30.29,918.0
34.15,7515.0
31.41,1198.0
30.18,964.0
35.77,6649.0
31.85,1165.0
35.02,7461.0
34.94,7322.0
31.69,1378.0
34.81,6065.0
34.65,7243.0
35.24,7140.0
34.91,6819.0
35.7,8396.0
31.34,1508.0
36.2,7823.0
35.23,7043.0
33.78,6496.0
33.81,8013.0
34.68,6932.0
29.31,699.0
34.73,9434.0
34.65,8105.0
33.34,2661.0
33.64,3102.0
35.08,6192.0
34.88,7283.0
34.98,6152.0
35.09,7018.0
31.91,2409.0
34.85,7659.0
35.09,7514.0
34.39,7933.0
35.23,8437.0
34.6,8581.0
33.37,2445.0
35.38,10902.0
34.42,7654.0
35.25,7658.0
32.66,2911.0
34.85,5817.0
35.57,7564.0
28.8,627.0
30.88,1195.0
34.95,7592.0
33.22,7776.0
27.49,568.0
30.58,2420.0
32.82,3009.0
33.69,5522.0
30.01,1234.0
31.96,2246.0
32.16,2848.0
32.19,2476.0
32.52,1517.0
31.65,1588.0
30.43,2958.0
33.8,3040.0
31.16,1284.0
32.21,2456.0
32.99,2826.0
33.21,2933.0
34.48,2756.0
27.87,227.0
30.42,1111.0
32.39,2834.0
34.2,7289.0
34.12,2634.0
32.51,3003.0
34.48,6132.0
27.87,480.0
27.87,615.0
31.53,2227.0
28.13,242.0
36.08,7136.0
31.42,2251.0
30.66,1259.0
34.51,4278.0
31.95,1777.0
32.75,2745.0
31.38,1715.0
31.63,1825.0
28.56,550.0
31.14,1318.0
32.28,1601.0
30.39,1497.0
31.48,2698.0
30.69,1304.0
32.66,1999.0
32.33,1963.0
32.88,2782.0
34.31,5500.0
31.42,1004.0
32.66,2805.0
27.98,575.0
34.53,6746.0
35.44,9352.0
35.17,7429.0
37.11,14562.0
28.39,346.0
33.62,1300.0
35.44,9813.0
31.22,1283.0
32.93,2325.0
28.57,282.0
32.61,1760.0
30.77,1288.0
34.61,3766.0
33.11,2801.0
31.63,2246.0
33.54,3465.0
34.15,4122.0
31.8,2271.0
27.53,418.0
29.21,668.0
28.27,330.0
28.67,441.0
32.03,2382.0
32.5,2384.0
32.26,2232.0
32.6,2515.0
27.47,276.0
28.19,451.0
32.66,2127.0
28.24,349.0
33.08,2499.0
31.6,1598.0
32.86,1924.0
32.4,2422.0
27.52,191.0
34.01,3650.0
32.8,2692.0
30.74,939.0
35.7,8562.0
30.73,1258.0
34.96,7134.0
32.85,3417.0
32.53,2612.0
28.26,373.0
29.69,465.0
31.75,2256.0
32.41,2555.0
34.39,4162.0
32.67,2757.0
32.55,2179.0
32.51,1919.0
33.67,3761.0
32.63,2213.0
34.48,4284.0
33.4,2793.0
32.06,2355.0
32.13,2575.0
34.05,3897.0
32.09,4882.0
33.39,2504.0
31.54,1736.0
29.74,454.0
31.52,1981.0
30.7,713.0
30.96,1278.0
31.1,1278.0
31.42,1476.0
31.17,1512.0
32.68,2702.0
33.37,2679.0
36.18,11190.0
30.79,1665.0
35.21,9138.0
27.79,255.0
32.92,2981.0
34.63,4359.0
32.84,3000.0
33.22,3639.0
32.12,2937.0
32.85,2722.0
30.87,1371.0
34.1,2305.0
31.68,1682.0
28.82,355.0
32.41,2816.0
33.13,2324.0
32.63,2666.0
32.33,2740.0
32.2,2636.0
32.44,1848.0
35.54,7177.0
31.69,2159.0
33.17,2861.0
32.66,2527.0
31.92,2094.0
32.83,1998.0
35.19,12575.0
32.33,2888.0
33.16,2294.0
33.19,2541.0
30.9,1940.0
31.37,1488.0
28.21,926.0
32.02,2867.0
31.82,2806.0
35.74,10072.0
33.01,2887.0
30.16,724.0
32.99,2414.0
31.59,1840.0
33.38,2894.0
19.29,-92.0
32.05,2222.0
32.25,1961.0
27.23,407.0
31.53,1323.0
35.81,11336.0
32.33,2243.0
38.89,18239.0
32.61,1932.0
34.28,3636.0
34.14,4388.0
32.65,2141.0
34.39,5694.0
36.21,11091.0
32.47,2022.0
35.82,9716.0
35.65,7377.0
36.37,10358.0
34.58,4635.0
33.53,4385.0
35.65,9493.0
32.83,2412.0
33.19,4839.0
33.64,3283.0
35.83,7606.0
31.89,1527.0
28.84,484.0
34.64,5075.0
36.2,12384.0
35.76,8275.0
31.64,1620.0
35.41,9001.0
33.1,2223.0
33.05,2680.0
35.05,8275.0
32.47,1285.0
30.04,1433.0
35.27,8216.0
31.96,2761.0
32.56,2907.0
33.07,4913.0
35.53,6968.0
35.42,8883.0
36.24,1992.0
31.07,1949.0
33.26,3195.0
33.61,3284.0
32.22,1875.0
34.23,5048.0
34.27,5050.0
32.1,2721.0
32.05,2028.0
32.28,2657.0
34.03,4825.0
32.19,1932.0
31.79,2357.0
31.84,2281.0
32.48,3032.0
32.46,2689.0
30.55,3146.0
33.7,5454.0
34.02,4916.0
31.68,3478.0
34.33,5434.0
35.38,9937.0
33.79,5182.0
33.08,2566.0
35.23,5655.0
34.3,4675.0
35.01,4773.0
34.96,6777.0
33.83,4025.0
34.13,4887.0
33.9,4387.0
33.43,3945.0
34.34,5862.0
32.19,3090.0
33.15,3300.0
32.71,3116.0
34.06,4432.0
31.55,1764.0
32.88,4114.0
31.99,2638.0
33.97,5584.0
33.56,2790.0
32.86,2410.0
33.58,4654.0
34.61,6147.0
33.38,3347.0
34.47,6094.0
29.65,1628.0
34.59,5852.0
34.44,5686.0
31.32,1826.0
34.44,5986.0
34.07,4987.0
34.17,5684.0
36.33,12078.0
33.78,4210.0
30.35,3475.0
34.89,5698.0
32.39,2660.0
32.29,2594.0
34.33,5560.0
32.45,2704.0
32.98,2627.0
34.4,5778.0
31.2,3179.0
34.32,4959.0
34.08,5027.0
32.33,2786.0
34.42,4709.0
32.5,2210.0
33.85,5731.0
33.7,5536.0
32.55,2876.0
34.75,5511.0
31.4,2415.0
32.35,2984.0
31.63,2664.0
33.64,4175.0
33.89,5423.0
33.97,4635.0
33.2,4039.0
32.79,2893.0
32.87,3087.0
31.67,2757.0
33.96,4340.0
35.29,8203.0
35.35,8633.0
34.04,4766.0
31.35,2657.0
34.61,4931.0
32.03,1920.0
35.97,8743.0
32.36,2235.0
30.96,1155.0
35.34,6433.0
33.63,4226.0
34.06,5163.0
32.6,2669.0
31.73,2254.0
33.37,3076.0
31.55,1653.0
32.06,2671.0
30.19,764.0
35.08,8805.0
31.19,2589.0
29.89,799.0
32.13,2471.0
36.54,15422.0
31.82,2729.0
31.86,2635.0
31.78,2613.0
34.39,5527.0
32.14,2922.0
34.95,6164.0
32.9,2672.0
34.46,6064.0
31.5,2262.0
33.15,2536.0
32.7,2803.0
31.24,1519.0
31.49,1868.0
32.85,2783.0
30.83,1841.0
34.02,4938.0
33.24,2886.0
33.95,4301.0
31.14,1621.0
31.53,1814.0
32.45,2811.0
30.81,1948.0
34.77,5758.0
34.51,5356.0
32.72,2744.0
32.43,2859.0
29.99,892.0
29.52,673.0
32.36,2350.0
31.61,2415.0
35.08,7752.0
32.63,2620.0
31.94,2565.0
31.86,2767.0
31.67,2076.0
36.22,10506.0
32.89,2283.0
33.36,4213.0
31.21,3039.0
32.37,3101.0
26.75,124.0
32.49,2817.0
32.04,1756.0
24.82,99.0
32.92,2689.0
32.1,2666.0
35.14,6940.0
32.77,2974.0
33.02,1735.0
33.31,2690.0
32.57,2976.0
32.84,2879.0
27.08,911.0
32.75,2342.0
31.8,1733.0
30.8,1294.0
31.35,1376.0
29.92,1049.0
33.12,1793.0
36.05,9735.0
32.14,1659.0
32.24,1633.0
29.34,1626.0
35.3,7284.0
31.01,1596.0
36.34,12951.0
32.68,2749.0
31.41,1560.0
33.58,2635.0
31.83,1659.0
32.74,4146.0
32.92,3747.0
29.65,579.0
31.76,1662.0
26.74,74.0
31.57,1518.0
31.93,1900.0
31.65,1442.0
30.75,2381.0
32.87,3101.0
33.43,4986.0
32.41,1553.0
33.58,2974.0
32.44,2149.0
32.01,1451.0
35.06,7612.0
31.74,2207.0
32.82,2193.0
31.6,1818.0
32.38,2971.0
34.77,5996.0
35.48,10132.0
35.12,7258.0
29.22,506.0
35.35,8838.0
35.14,5942.0
35.96,10254.0
35.42,7746.0
33.47,3260.0
36.05,13297.0
34.26,4894.0
31.37,1389.0
31.3,1374.0
31.31,1907.0
34.38,2981.0
34.79,6483.0
30.04,736.0
35.16,6891.0
33.85,8122.0
34.13,6933.0
34.87,5919.0
33.37,7644.0
34.23,6988.0
33.47,8260.0
34.16,7883.0
32.11,1894.0
33.85,4703.0
33.31,3398.0
33.47,3728.0
29.83,640.0
19.71,74.0
32.1,3316.0
32.21,4308.0
31.68,2734.0
35.18,6210.0
36.06,11844.0
35.03,7794.0
35.98,6002.0
34.68,6394.0
31.87,1615.0
35.92,10010.0
34.96,4406.0
35.05,5430.0
34.53,6538.0
35.21,7286.0
34.23,3251.0
36.05,9577.0
36.49,8580.0
34.56,4137.0
35.14,5588.0
33.66,4618.0
34.78,4418.0
32.97,2163.0
36.62,10735.0
34.9,6430.0
35.48,9192.0
34.83,5106.0
32.67,3978.0
33.74,2805.0
31.17,1753.0
34.33,5285.0
34.34,5758.0
27.66,158.0
32.27,5599.0
33.08,4560.0
32.94,4473.0
33.11,5524.0
30.64,6056.0
33.77,3395.0
34.9,5100.0
32.51,2979.0
26.15,208.0
33.45,4341.0
37.49,19080.0
28.7,340.0
34.2,5014.0
34.49,3673.0
32.55,3316.0
34.3,5290.0
27.79,98.0
27.56,81.0
29.82,429.0
28.3,248.0
28.18,352.0
28.84,449.0
28.49,259.0
28.63,359.0
34.03,4441.0
34.37,4602.0
29.68,6048.0
32.49,2652.0
33.86,4566.0
34.09,4843.0
37.62,23832.0
36.06,11410.0
35.96,9105.0
34.96,7952.0
